id,firstName,lastName,email,gender,contactNo,Country,dob
1,Sheryl,Baxter,zunigavanessa@smith.info,229.077.5154,397.884.0519x718,Chile,24-06-2012
2,Preston,Lozano,vmata@colon.com,5153435776,686-620-1820x944,Djibouti,25-06-2012
3,Roy,Berry,beckycarr@hogan.com,-1199,(496)978-3969x58947,Antigua and Barbuda,26-06-2012
4,Linda,Olsen,stanleyblackwell@benson.org,001-808-617-6467x12895,-9892,Dominican Republic,27-06-2012
5,Joanna,Bender,colinalvarado@miles.net,001-234-203-0635x76146,001-199-446-3860x3486,Slovakia (Slovak Republic),28-06-2012
6,Aimee,Downs,louis27@gilbert.com,(283)437-3886x88321,999-728-1637,Bosnia and Herzegovina,29-06-2012
7,Darren,Peck,tgates@cantrell.com,(496)452-6181x3291,+1-247-266-0963x4995,Pitcairn Islands,30-06-2012
8,Brett,Mullen,asnow@colon.com,001-583-352-7197x297,001-333-145-0369,Bulgaria,01-07-2012
9,Sheryl,Meyers,mariokhan@ryan-pope.org,854-138-4911x5772,+1-448-910-2276x729,Cyprus,02-07-2012
10,Michelle,Gallagher,mdyer@escobar.net,739.218.2516x459,001-054-401-0347x617,Timor-Leste,03-07-2012
11,Carl,Schroeder,kirksalas@webb.com,637-854-0256x825,114.336.0784x788,Guernsey,04-07-2012
12,Jenna,Dodson,mark42@robbins.com,(041)737-3846,+1-556-888-3485x42608,Vietnam,05-07-2012
13,Tracey,Mata,alex56@walls.org,001-949-844-8787,(855)713-8773,Togo,06-07-2012
14,Kristine,Cox,holdenmiranda@clarke.com,786-284-3358x62152,+1-315-627-1796x8074,Sri Lanka,07-07-2012
15,Faith,Lutz,cassieparrish@blevins-chapman.net,(781)861-7180x8306,207-185-3665,Singapore,08-07-2012
16,Miranda,Beasley,vduncan@parks-hardy.com,540.085.3135x185,+1-600-462-6432x21881,Oman,09-07-2012
17,Caroline,Foley,holtgwendolyn@watson-davenport.com,936.222.4746x9924,001-469-948-6341x359,Western Sahara,10-07-2012
18,Greg,Mata,jaredjuarez@carroll.org,(701)087-2415,(195)156-1861x26241,Mozambique,11-07-2012
19,Clifford,Jacobson,joseph26@jacobson.com,001-151-330-3524x0469,(748)477-7174,South Georgia and the South Sandwich Islands,12-07-2012
20,Joanna,Kirk,tuckerangie@salazar.net,(266)131-7001x711,(283)312-5579x11543,French Polynesia,13-07-2012
21,Maxwell,Frye,fgibson@drake-webb.com,423.262.3059,202-880-0688x7491,Malta,14-07-2012
22,Kiara,Houston,blanchardbob@wallace-shannon.com,001-274-040-3582x10611,+1-528-175-0973x4684,Netherlands,15-07-2012
23,Colleen,Howard,rsingleton@ryan-cherry.com,1935085151,(947)115-7711x5488,Paraguay,16-07-2012
24,Janet,Valenzuela,stefanie71@spence.com,354.259.5062x7538,500.433.2022,Lao People's Democratic Republic,17-07-2012
25,Shane,Wilcox,mariah88@santos.com,(429)005-9030x11004,541-116-4501,Albania,18-07-2012
26,Marcus,Moody,donnamullins@norris-barrett.org,674-677-8623,909-277-5485x566,Panama,19-07-2012
27,Dakota,Poole,stacey67@fields.org,(371)987-8576x4720,071-152-1376,Belarus,20-07-2012
28,Frederick,Harper,jacobkhan@bright.biz,+1-077-121-1558x0687,264.742.7149,Switzerland,21-07-2012
29,Stefanie,Fitzpatrick,wterrell@clark.com,(752)776-3286,+1-472-021-4814x85074,Saint Vincent and the Grenadines,22-07-2012
30,Kent,Bradshaw,qjimenez@boyd.com,+1-472-143-5037x884,126.922.6153,Tanzania,23-07-2012
31,Jack,Tate,gfigueroa@boone-zavala.com,965-108-4406x20714,046.906.1442x6784,Zimbabwe,24-07-2012
32,Tom,Trujillo,tapiagreg@beard.info,416-338-3758,(775)890-7209,Denmark,25-07-2012
33,Gabriel,Mejia,coleolson@jennings.net,4077245425,646.044.0696x66800,Liechtenstein,26-07-2012
34,Kaitlyn,Santana,georgeross@miles.org,6303643286,447-710-6202x07313,United States of America,27-07-2012
35,Faith,Moon,willistonya@randolph-baker.com,+1-586-217-0359x6317,-2419,Bahamas,28-07-2012
36,Tammie,Haley,harrisisaiah@jenkins.com,001-276-734-4113x6087,(430)300-8770,Belize,29-07-2012
37,Nicholas,Sosa,fwolfe@dorsey.com,(661)425-6042,975-998-1519,Uruguay,30-07-2012
38,Jordan,Gay,tiffanydavies@harris-mcfarland.org,7208417020,8035336772,Solomon Islands,31-07-2012
39,Bruce,Esparza,preese@frye-vega.com,559-529-4424,001-625-000-7132x0367,Montenegro,01-08-2012
40,Sherry,Garza,ann48@miller.com,001-067-713-6440x158,(978)289-8785x5766,Poland,02-08-2012
41,Natalie,Gentry,tcummings@fitzpatrick-ashley.com,830.996.8238,499.122.5415,Dominican Republic,03-08-2012
42,Bryan,Dunn,woodwardandres@phelps.com,001-710-802-5565,078.699.8982x13881,Burkina Faso,04-08-2012
43,Wayne,Simpson,barbarapittman@holder.com,(344)156-8632x1869,463-445-3702x38463,Bolivia,05-08-2012
44,Luis,Greer,bstuart@williamson-mcclure.com,001-336-025-6849x701,684.698.2911x6092,Bulgaria,06-08-2012
45,Rhonda,Frost,zkrueger@wolf-chavez.net,(127)081-9339,+1-431-028-3337x3492,Monaco,07-08-2012
46,Joanne,Montes,juan80@henson.net,(897)726-7952,(467)886-9467x5721,Palau,08-08-2012
47,Geoffrey,Guzman,bauercrystal@gay.com,975.235.8921x269,(983)188-6873,Uzbekistan,09-08-2012
48,Gloria,Mccall,bartlettjenna@zuniga-moss.biz,445-603-6729,001-395-959-4736x4524,Ghana,10-08-2012
49,Brady,Cohen,mccalltyrone@durham-rose.biz,741.849.0139x524,+1-028-691-7497x0894,United Arab Emirates,11-08-2012
50,Latoya,Mccann,bobhammond@barry.biz,(530)287-4548x29481,162-234-0249x32790,Belarus,12-08-2012
51,Gerald,Hawkins,uwarner@steele-arias.com,+1-323-239-1456x96168,(092)508-0269,Canada,13-08-2012
52,Samuel,Crawford,xpittman@ritter-carney.net,802-242-7457,626.116.9535x8578,Algeria,14-08-2012
53,Patricia,Goodwin,vaughanchristy@lara.biz,322.549.7139x70040,(111)741-4173,Swaziland,15-08-2012
54,Stacie,Richard,clinton85@colon-arias.org,001-622-948-3641x24810,001-731-168-2893x8891,Madagascar,16-08-2012
55,Robin,West,greenemiranda@zimmerman.com,698.303.4267,001-683-837-7651x525,Ecuador,17-08-2012
56,Ralph,Haas,goodmancesar@figueroa.biz,2239271999,001-962-434-0867x649,Palestinian Territory,18-08-2012
57,Phyllis,Maldonado,yhanson@warner-diaz.org,4500370767,001-508-064-6725x017,Saint Barthelemy,19-08-2012
58,Danny,Parrish,howelldarren@house-cohen.com,(669)384-8597x8794,506.731.5952x571,United Arab Emirates,20-08-2012
59,Kathy,Hill,ncamacho@boone-simmons.org,001-171-716-2175x310,888.625.0654,South Georgia and the South Sandwich Islands,21-08-2012
60,Kelli,Hardy,kristopher62@oliver.com,020.324.2191x2022,424-157-8216,Sao Tome and Principe,22-08-2012
61,Lynn,Pham,mpham@rios-guzman.com,846.468.6834x611,001-248-691-0006,Portugal,23-08-2012
62,Shelley,Harris,zachary96@mitchell-bryant.org,423.098.0315x8373,+1-386-458-8944x15194,Togo,24-08-2012
63,Eddie,Jimenez,kristiwhitney@bernard.com,+1-235-657-1073x6306,(026)401-7353x2417,Ethiopia,25-08-2012
64,Chloe,Hutchinson,leah85@sutton-terrell.com,981-544-9452,+1-288-552-4666x060,Netherlands,26-08-2012
65,Eileen,Lynch,levigiles@vincent.com,+1-158-951-4131x53578,001-673-779-6713x680,Liberia,27-08-2012
66,Fernando,Lambert,fisherlinda@schaefer.net,497.829.9038,3863743398,Lithuania,28-08-2012
67,Makayla,Cannon,scottcurtis@hurley.biz,001-215-801-6392x46009,027-609-6460,New Caledonia,29-08-2012
68,Tom,Alvarado,nicholsonnina@montgomery.info,(585)606-2980x2258,730-797-3594x5614,Kiribati,30-08-2012
69,Virginia,Dudley,zvalencia@phelps.com,027.846.3705x14184,+1-439-171-1846x4636,French Southern Territories,31-08-2012
70,Riley,Good,alex06@galloway.com,6977745822,855-436-7641,Canada,01-09-2012
71,Alexandria,Buck,lee48@manning.com,078-900-4760x76668,414-112-8700x68751,Iran,02-09-2012
72,Richard,Roth,aharper@maddox-townsend.org,581-440-6539,9857827463,Morocco,03-09-2012
73,Candice,Keller,buckleycory@odonnell.net,001-927-965-8550x92406,001-243-038-4271x53076,Zimbabwe,04-09-2012
74,Anita,Benson,angie04@oconnell.com,874.617.5668x69878,(399)820-6418x0071,Russian Federation,05-09-2012
75,Regina,Stein,zrosario@rojas-hardin.net,001-469-848-0724x4407,001-085-360-4426x00357,Solomon Islands,06-09-2012
76,Debra,Riddle,shieldskerry@robles.com,+1-768-182-6014x14336,(303)961-4491,United States Virgin Islands,07-09-2012
77,Brittany,Zuniga,mchandler@cochran-huerta.org,(050)136-9025,001-480-851-2496x0157,Kyrgyz Republic,08-09-2012
78,Cassidy,Mcmahon,katrinalane@fitzgerald.com,5040771311,684-682-0021x1326,Myanmar,09-09-2012
79,Laurie,Pennington,cookejill@powell.com,007.155.3406x553,+1-809-862-5566x277,Dominica,10-09-2012
80,Alejandro,Blair,elizabethbarr@ewing.com,(690)068-4641x51468,555.509.8691x2329,Iceland,11-09-2012
81,Leslie,Jennings,corey75@wiggins.com,629.198.6346,075.256.0829,Micronesia,12-09-2012
82,Kathleen,Mckay,chloelester@higgins-wilkinson.com,(733)910-9968,(691)247-4128x0665,Saint Vincent and the Grenadines,13-09-2012
83,Hunter,Moreno,isaac26@benton-finley.com,(733)833-6754,001-761-013-7121,Isle of Man,14-09-2012
84,Chad,Davidson,justinwalters@jimenez.com,8275702958,(804)842-4715,Oman,15-09-2012
85,Corey,Holt,maurice46@morgan.com,001-439-242-4986x7918,3162708934,Fiji,16-09-2012
86,Emma,Cunningham,walter83@juarez.org,128-059-0206x60217,(312)164-4545x2284,New Zealand,17-09-2012
87,Duane,Woods,kmercer@wagner.com,(636)544-7783x7288,(203)287-1003x5932,Maldives,18-09-2012
88,Alison,Vargas,vcantu@norton.com,365-273-8144,053-308-7653x6287,Benin,19-09-2012
89,Vernon,Kane,hilljesse@barrett.info,114-854-1159x555,499-608-4612,Yemen,20-09-2012
90,Lori,Flowers,tyrone77@valenzuela.info,679.415.1210,945-842-3659x4581,Namibia,21-09-2012
91,Nina,Chavez,elliserica@frank.com,053-344-3205,+1-330-920-5422x571,Bhutan,22-09-2012
92,Shane,Foley,nsteele@sparks.com,-1692,001-626-114-5844x55073,Hungary,23-09-2012
93,Collin,Ayers,dudleyemily@gonzales.biz,404-645-5351x012,001-257-582-8850x8516,Anguilla,24-09-2012
94,Sherry,Young,alan79@gates-mclaughlin.com,158-687-1764,(438)375-6207x003,Solomon Islands,25-09-2012
95,Darrell,Douglas,grayjean@lowery-good.com,001-084-845-9524x1777,001-769-564-6303,Mali,26-09-2012
96,Karl,Greer,hhart@jensen.com,(188)169-1674x58692,001-841-293-3519x614,Guyana,27-09-2012
97,Lynn,Atkinson,vkemp@ferrell.com,-3769,605.413.3198,Sri Lanka,28-09-2012
98,Fred,Guerra,swagner@kane.org,+1-753-067-8419x7170,+1-632-666-7507x92121,Solomon Islands,29-09-2012
99,Yvonne,Farmer,mccarthystephen@horn-green.biz,(530)311-9786,001-869-452-0943x12424,Aruba,30-09-2012
100,Clarence,Haynes,colleen91@faulkner.biz,(753)813-6941,783.639.1472,Honduras,01-10-2012
